﻿<?xml version="1.0" encoding="utf-8"?>
<manifest identifier="_5qsU7tb6k26_course_id" version="1.0" xmlns="http://www.imsproject.org/xsd/imscp_rootv1p1p2" xmlns:adlcp="http://www.adlnet.org/xsd/adlcp_rootv1p2" xmlns:xsi="http://www.w3.org/2001/XMLSchema-instance" xsi:schemaLocation="http://www.imsproject.org/xsd/imscp_rootv1p1p2 imscp_rootv1p1p2.xsd http://www.imsglobal.org/xsd/imsmd_rootv1p2p1 imsmd_rootv1p2p1.xsd http://www.adlnet.org/xsd/adlcp_rootv1p2 adlcp_rootv1p2.xsd">
  <metadata>
    <schema>ADL SCORM</schema>
    <schemaversion>1.2</schemaversion>
    <lom xmlns="http://www.imsglobal.org/xsd/imsmd_rootv1p2p1" xmlns:xsi="http://www.w3.org/2001/XMLSchema-instance" xsi:schemaLocation="http://www.imsglobal.org/xsd/imsmd_rootv1p2p1 imsmd_rootv1p2p1.xsd">
      <general>
        <title>
          <langstring xml:lang="x-none">Zirat_,ikra_mavet_1.2_181912</langstring>
        </title>
      </general>
      <lifecycle>
        <version>
          <langstring xml:lang="x-none">1</langstring>
        </version>
        <status>
          <source>
            <langstring xml:lang="x-none">LOMv1.0</langstring>
          </source>
          <value>
            <langstring xml:lang="x-none">Final</langstring>
          </value>
        </status>
      </lifecycle>
      <metametadata>
        <metadatascheme>ADL SCORM 1.2</metadatascheme>
      </metametadata>
      <educational>
        <typicallearningtime>
          <datetime>PT0H0M0S</datetime>
        </typicallearningtime>
      </educational>
      <rights>
        <cost>
          <source>
            <langstring xml:lang="x-none">LOMv1.0</langstring>
          </source>
          <value>
            <langstring xml:lang="x-none">yes</langstring>
          </value>
        </cost>
        <copyrightandotherrestrictions>
          <source>
            <langstring xml:lang="x-none">LOMv1.0</langstring>
          </source>
          <value>
            <langstring xml:lang="x-none">yes</langstring>
          </value>
        </copyrightandotherrestrictions>
      </rights>
    </lom>
  </metadata>
  <organizations default="Zirat_,ikra_mavet_1.2_181912_ORG">
    <organization identifier="Zirat_,ikra_mavet_1.2_181912_ORG">
      <title>Zirat_,ikra_mavet_1.2_181912</title>
      <item identifier="nagad_bahir_SCO" isvisible="true" identifierref="__5qsU7tb6k26_course_id_RES">
        <title>Zirat_,ikra_mavet_1.2_181912</title>
      </item>
    </organization>
  </organizations>
  <resources>
    <resource identifier="__5qsU7tb6k26_course_id_RES" type="webcontent" href="index_lms.html" adlcp:scormtype="sco">
      <file href="story_content/thumbnail.jpg" />
      <file href="story_content/5Y9bFEZS9oS_80_P_336_0_464_600_DX1600_DY1600.swf" />
      <file href="mobile/5Y9bFEZS9oS_80_P_336_0_464_600_DX1600_DY1600_CX464_CY600.png" />
      <file href="story_content/655bFFCE9kE_80_DX140_DY140.swf" />
      <file href="mobile/655bFFCE9kE_80_DX140_DY140_CX105_CY105.png" />
      <file href="story_content/62aqWTVxAw3_80_DX160_DY160.swf" />
      <file href="mobile/62aqWTVxAw3_80_DX160_DY160_CX120_CY107.png" />
      <file href="story_content/672xXt9tLO9_80_DX298_DY298.swf" />
      <file href="mobile/672xXt9tLO9_80_DX298_DY298_CX222_CY79.png" />
      <file href="story_content/63IKmLqyle9_80_DX224_DY224.swf" />
      <file href="mobile/63IKmLqyle9_80_DX224_DY224_CX147_CY137.png" />
      <file href="story_content/5bFOpHhmv0s_80_DX188_DY188.swf" />
      <file href="mobile/5bFOpHhmv0s_80_DX188_DY188_CX141_CY141.png" />
      <file href="story_content/68T0BHuDUha_80_DX188_DY188.swf" />
      <file href="mobile/68T0BHuDUha_80_DX188_DY188_CX141_CY141.png" />
      <file href="story_content/6Lyj3SM5fcH_80_DX34_DY34.swf" />
      <file href="mobile/6Lyj3SM5fcH_80_DX34_DY34_CX14_CY25.png" />
      <file href="story_content/60K1TKfL462_80_DX1734_DY1734.swf" />
      <file href="mobile/60K1TKfL462_80_DX1734_DY1734_CX1296_CY403.png" />
      <file href="story_content/5hXETVk25cF_80_DX602_DY602.swf" />
      <file href="mobile/5hXETVk25cF_80_DX602_DY602_CX441_CY372.png" />
      <file href="mobile/5hXETVk25cF_80_DX602_DY602_CX451_CY380.png" />
      <file href="story_content/5hXETVk25cF_80_R70BCFF_DX602_DY602.swf" />
      <file href="mobile/5hXETVk25cF_80_R70BCFF_DX602_DY602_CX241_CY203.png" />
      <file href="story_content/5fl939r3VyZ_80_R70BCFF_DX476_DY476.swf" />
      <file href="mobile/5fl939r3VyZ_80_R70BCFF_DX476_DY476_CX353_CY315.png" />
      <file href="story_content/5fl939r3VyZ_80_R70BCFF_DX478_DY478.swf" />
      <file href="mobile/5fl939r3VyZ_80_R70BCFF_DX478_DY478_CX358_CY319.png" />
      <file href="story_content/5fl939r3VyZ_80_DX476_DY476.swf" />
      <file href="mobile/5fl939r3VyZ_80_DX476_DY476_CX353_CY315.png" />
      <file href="story_content/5fl939r3VyZ_80_DX478_DY478.swf" />
      <file href="mobile/5fl939r3VyZ_80_DX478_DY478_CX358_CY319.png" />
      <file href="story_content/6CAwGSA84al_80_RB2BDE5_DX36_DY36.swf" />
      <file href="mobile/6CAwGSA84al_80_RB2BDE5_DX36_DY36_CX19_CY11.png" />
      <file href="story_content/69rMh9jWMWz_80_P_0_728_1292_1319_DX1266_DY1266.swf" />
      <file href="mobile/69rMh9jWMWz_80_P_0_728_1292_1319_DX1266_DY1266_CX600_CY612.png" />
      <file href="story_content/5sw8Qvz5KwY_80_DX394_DY394.swf" />
      <file href="mobile/5sw8Qvz5KwY_80_DX394_DY394_CX287_CY295.png" />
      <file href="story_content/Shape5hFPRTyJhDL.swf" />
      <file href="story_content/6cUVWoQKkLJ_80_DX394_DY394.swf" />
      <file href="mobile/6cUVWoQKkLJ_80_DX394_DY394_CX287_CY295.png" />
      <file href="story_content/5X4Hc43zZcD_80_DX192_DY192.swf" />
      <file href="mobile/5X4Hc43zZcD_80_DX192_DY192_CX139_CY144.png" />
      <file href="story_content/WideDownwardDiagonal_D6D8E0_FFFFFF.jpg" />
      <file href="story_content/5mrnGpRgrgl_80_DX66_DY66.swf" />
      <file href="mobile/5mrnGpRgrgl_80_DX66_DY66_CX19_CY34.png" />
      <file href="story_content/5itVRohDgVl_80_DX496_DY496.jpg" />
      <file href="mobile/5itVRohDgVl_80_DX496_DY496_CX270_CY372.jpg" />
      <file href="story_content/6IF33Ri0Jdr_80_DX110_DY110.swf" />
      <file href="mobile/6IF33Ri0Jdr_80_DX110_DY110_CX72_CY73.png" />
      <file href="mobile/6IF33Ri0Jdr_80_DX110_DY110_CX81_CY82.png" />
      <file href="story_content/6CQDJyXSXtL_80_DX1886_DY1886.swf" />
      <file href="mobile/6CQDJyXSXtL_80_DX1886_DY1886_CX1413_CY486.png" />
      <file href="story_content/6VfvYds3dAd_80_DX92_DY92.swf" />
      <file href="mobile/6VfvYds3dAd_80_DX92_DY92_CX65_CY65.png" />
      <file href="story_content/6fKluno1BLr_80_DX92_DY92.swf" />
      <file href="mobile/6fKluno1BLr_80_DX92_DY92_CX65_CY65.png" />
      <file href="story_content/txt__default_5rMElkQe4wi.swf" />
      <file href="story_content/txt__default_6psJZf5IRJh.swf" />
      <file href="story_content/6d3Ol6jzmpB_80_DX92_DY92.swf" />
      <file href="mobile/6d3Ol6jzmpB_80_DX92_DY92_CX69_CY69.png" />
      <file href="story_content/6Fbm4QFhqzR_80_P_0_141_1000_504_DX824_DY824.swf" />
      <file href="mobile/6Fbm4QFhqzR_80_P_0_141_1000_504_DX824_DY824_CX618_CY312.png" />
      <file href="story_content/6CFJdb9yGOK_80_P_0_210_2048_1033_DX824_DY824.swf" />
      <file href="mobile/6CFJdb9yGOK_80_P_0_210_2048_1033_DX824_DY824_CX618_CY312.png" />
      <file href="story_content/Shape6IrAoLkKh57.swf" />
      <file href="story_content/6QGWylcOsAW_80_B10_P_106_0_757_773_DX1056_DY1056.swf" />
      <file href="mobile/6QGWylcOsAW_80_B10_P_106_0_757_773_DX1056_DY1056_CX600_CY612.png" />
      <file href="story_content/5Y4pxdvZXzZ_80_DX192_DY192.swf" />
      <file href="mobile/5Y4pxdvZXzZ_80_DX192_DY192_CX139_CY143.png" />
      <file href="story_content/txt__default_6C6nL3vuMgJ.swf" />
      <file href="story_content/txt__default_61LRYpOmpJD.swf" />
      <file href="mobile/5mrnGpRgrgl_80_DX66_DY66_CX25_CY45.png" />
      <file href="story_content/5mrnGpRgrgl_80_DX68_DY68.swf" />
      <file href="mobile/5mrnGpRgrgl_80_DX68_DY68_CX28_CY50.png" />
      <file href="story_content/Shape64sowfQvAD7.swf" />
      <file href="story_content/zoomIcon.png" />
      <file href="story_content/6PDs4jr62PC_80_DX625_DY831_CX625_CY831.swf" />
      <file href="mobile/6PDs4jr62PC_80_DX625_DY831_CX625_CY831.png" />
      <file href="story_content/5mrnGpRgrgl_X_80_DX66_DY66.swf" />
      <file href="mobile/5mrnGpRgrgl_X_80_DX66_DY66_CX25_CY45.png" />
      <file href="story_content/5mrnGpRgrgl_X_80_DX68_DY68.swf" />
      <file href="mobile/5mrnGpRgrgl_X_80_DX68_DY68_CX28_CY50.png" />
      <file href="story_content/Shape5WZ7Ck2jqpu.swf" />
      <file href="story_content/6gTHvNSnleV_80_DX613_DY831_CX613_CY831.swf" />
      <file href="mobile/6gTHvNSnleV_80_DX613_DY831_CX613_CY831.png" />
      <file href="story_content/Shape5dgJ7qOdmFi.swf" />
      <file href="story_content/5iOYJ6pKSS3_80_DX635_DY831_CX635_CY831.swf" />
      <file href="mobile/5iOYJ6pKSS3_80_DX635_DY831_CX635_CY831.png" />
      <file href="story_content/5l3KNFY1KiZ_80_DX892_DY892.swf" />
      <file href="mobile/5l3KNFY1KiZ_80_DX892_DY892_CX446_CY118.png" />
      <file href="story_content/6GrB6ifixMY_80_DX1366_DY1366.swf" />
      <file href="mobile/6GrB6ifixMY_80_DX1366_DY1366_CX683_CY121.png" />
      <file href="story_content/txt__default_5hB9guIK91e.swf" />
      <file href="story_content/txt__default_5uul6rniQoF.swf" />
      <file href="story_content/txt__default_6djNW09no6h.swf" />
      <file href="story_content/txt__default_63aY6mKGcw8.swf" />
      <file href="story_content/txt__default_5iSjZabQYEj.swf" />
      <file href="story_content/txt__default_61yYMtAivtM.swf" />
      <file href="story_content/txt__default_5mZpScb6TzX.swf" />
      <file href="story_content/txt__default_6Cc5Q3TnpNy.swf" />
      <file href="story_content/txt__default_6qb71pQ0rQs.swf" />
      <file href="story_content/txt__default_Drag Over_6qb71pQ0rQs.swf" />
      <file href="story_content/txt__default_6j1c26tZ4Gr.swf" />
      <file href="story_content/txt__default_6KaUniY4qpF.swf" />
      <file href="story_content/txt__default_60cH6ndb7kD.swf" />
      <file href="story_content/5cHsWiJWgqx_80_DX120_DY120.swf" />
      <file href="mobile/5cHsWiJWgqx_80_DX120_DY120_CX85_CY88.png" />
      <file href="story_content/5of3Ta32vRi_80_DX136_DY136.swf" />
      <file href="mobile/5of3Ta32vRi_80_DX136_DY136_CX102_CY101.png" />
      <file href="story_content/txt__default_64ckcXKr5S2.swf" />
      <file href="story_content/txt__default_Drag Over_64ckcXKr5S2.swf" />
      <file href="story_content/txt__default_6MObFsByh9I.swf" />
      <file href="story_content/txt__default_6pgrnLBKi1j.swf" />
      <file href="story_content/txt__default_5gezQ2I70r3.swf" />
      <file href="story_content/5xGKdiosWp3_80_DX142_DY142.swf" />
      <file href="mobile/5xGKdiosWp3_80_DX142_DY142_CX106_CY105.png" />
      <file href="story_content/txt__default_6BgVEO9wjHi.swf" />
      <file href="story_content/txt__default_Drag Over_6BgVEO9wjHi.swf" />
      <file href="story_content/txt__default_6Gnn9YIHo0f.swf" />
      <file href="story_content/txt__default_6IrmrhRJNkA.swf" />
      <file href="story_content/txt__default_61TI2Wk5nkb.swf" />
      <file href="story_content/6Go5nJFIwcW_80_P_102_0_571_483_DX1174_DY1174.swf" />
      <file href="mobile/6Go5nJFIwcW_80_P_102_0_571_483_DX1174_DY1174_CX572_CY483.png" />
      <file href="mobile/6CAwGSA84al_80_RB2BDE5_DX36_DY36_CX17_CY10.png" />
      <file href="story_content/64TFHyEkzn2_80_DX58_DY58.swf" />
      <file href="mobile/64TFHyEkzn2_80_DX58_DY58_CX40_CY28.png" />
      <file href="story_content/5YUASdkQFa4_80_DX38_DY38.swf" />
      <file href="mobile/5YUASdkQFa4_80_DX38_DY38_CX27_CY27.png" />
      <file href="story_content/6CAwGSA84al_80_B-30_RB2BDE5_DX36_DY36.swf" />
      <file href="mobile/6CAwGSA84al_80_B-30_RB2BDE5_DX36_DY36_CX17_CY10.png" />
      <file href="story_content/5etLnwEq3jF_80_P_163_0_721_667_DX1150_DY1150.swf" />
      <file href="mobile/5etLnwEq3jF_80_P_163_0_721_667_DX1150_DY1150_CX622_CY575.png" />
      <file href="story_content/6Bxc5q8jhK3_80_P_517_0_374_667_DX1880_DY1880.swf" />
      <file href="mobile/6Bxc5q8jhK3_80_P_517_0_374_667_DX1880_DY1880_CX374_CY667.png" />
      <file href="meta.xml" />
      <file href="story_content/FontFactory.swf" />
      <file href="story_content/fonts.swf" />
      <file href="story_content/frame.xml" />
      <file href="story_content/frame.json" />
      <file href="story_content/user.js" />
      <file href="mobile/Shape5hFPRTyJhDL.png" />
      <file href="mobile/txt__default_5rMElkQe4wi.png" />
      <file href="mobile/txt__default_6psJZf5IRJh.png" />
      <file href="mobile/Shape6IrAoLkKh57.png" />
      <file href="mobile/txt__default_6C6nL3vuMgJ.png" />
      <file href="mobile/txt__default_61LRYpOmpJD.png" />
      <file href="mobile/Shape64sowfQvAD7.png" />
      <file href="mobile/Shape5WZ7Ck2jqpu.png" />
      <file href="mobile/Shape5dgJ7qOdmFi.png" />
      <file href="mobile/txt__default_5hB9guIK91e.png" />
      <file href="mobile/txt__default_5uul6rniQoF.png" />
      <file href="mobile/txt__default_6djNW09no6h.png" />
      <file href="mobile/txt__default_63aY6mKGcw8.png" />
      <file href="mobile/txt__default_5iSjZabQYEj.png" />
      <file href="mobile/txt__default_61yYMtAivtM.png" />
      <file href="mobile/txt__default_5mZpScb6TzX.png" />
      <file href="mobile/txt__default_6Cc5Q3TnpNy.png" />
      <file href="mobile/txt__default_6qb71pQ0rQs.png" />
      <file href="mobile/txt__default_Drag Over_6qb71pQ0rQs.png" />
      <file href="mobile/txt__default_6j1c26tZ4Gr.png" />
      <file href="mobile/txt__default_6KaUniY4qpF.png" />
      <file href="mobile/txt__default_60cH6ndb7kD.png" />
      <file href="mobile/txt__default_64ckcXKr5S2.png" />
      <file href="mobile/txt__default_Drag Over_64ckcXKr5S2.png" />
      <file href="mobile/txt__default_6MObFsByh9I.png" />
      <file href="mobile/txt__default_6pgrnLBKi1j.png" />
      <file href="mobile/txt__default_5gezQ2I70r3.png" />
      <file href="mobile/txt__default_6BgVEO9wjHi.png" />
      <file href="mobile/txt__default_Drag Over_6BgVEO9wjHi.png" />
      <file href="mobile/txt__default_6Gnn9YIHo0f.png" />
      <file href="mobile/txt__default_6IrmrhRJNkA.png" />
      <file href="mobile/txt__default_61TI2Wk5nkb.png" />
      <file href="story.swf" />
      <file href="story_content/frame.swf" />
      <file href="story_content/TLFFactory.swf" />
      <file href="story_content/slides/6kxAwIWxh1o.swf" />
      <file href="story_content/slides/64xO52A54o0.swf" />
      <file href="story_content/slides/6D6k1OWLWy4.swf" />
      <file href="story_content/slides/6SoITIS6CNv.swf" />
      <file href="story_content/slides/67BgjDxgCXb.swf" />
      <file href="story_content/slides/5omgbPLEFiu.swf" />
      <file href="story_content/slides/6E4x8YcOJBv.swf" />
      <file href="story_content/slides/5VzMXpYpGky.swf" />
      <file href="story_content/slides/6lvW7iLPDra.swf" />
      <file href="story_content/slides/6CYeBAfvfRH.swf" />
      <file href="story_content/slides/6abdQQX5tD7.swf" />
      <file href="story_content/slides/6ViXCIpvwVY.swf" />
      <file href="story_content/slides/6YQ0I7nPusB.swf" />
      <file href="story_content/data.swf" />
      <file href="html5/data/css/output.min.css" />
      <file href="html5/data/js/5omgbPLEFiu.js" />
      <file href="html5/data/js/5VzMXpYpGky.js" />
      <file href="html5/data/js/64xO52A54o0.js" />
      <file href="html5/data/js/67BgjDxgCXb.js" />
      <file href="html5/data/js/6abdQQX5tD7.js" />
      <file href="html5/data/js/6CYeBAfvfRH.js" />
      <file href="html5/data/js/6D6k1OWLWy4.js" />
      <file href="html5/data/js/6E4x8YcOJBv.js" />
      <file href="html5/data/js/6kxAwIWxh1o.js" />
      <file href="html5/data/js/6lvW7iLPDra.js" />
      <file href="html5/data/js/6SoITIS6CNv.js" />
      <file href="html5/data/js/6ViXCIpvwVY.js" />
      <file href="html5/data/js/6YQ0I7nPusB.js" />
      <file href="html5/data/js/data.js" />
      <file href="html5/data/js/frame.js" />
      <file href="html5/data/js/paths.js" />
      <file href="html5/lib/scripts/app.min.js" />
      <file href="html5/lib/stylesheets/main.min.css" />
      <file href="html5/lib/stylesheets/mobile-fonts/open-sans-bold.woff" />
      <file href="html5/lib/stylesheets/mobile-fonts/open-sans-light.woff" />
      <file href="html5/lib/stylesheets/mobile-fonts/open-sans-regular.woff" />
      <file href="story.html" />
      <file href="story_flash.html" />
      <file href="story_html5.html" />
      <file href="story_content/blank.html" />
      <file href="story_content/story.js" />
      <file href="index_lms.html" />
      <file href="index_lms_html5.html" />
      <file href="index_lms_flash.html" />
      <file href="lms/AICCComm.html" />
      <file href="lms/AICCFunctions.js" />
      <file href="lms/API.js" />
      <file href="lms/APIConstants.js" />
      <file href="lms/blank.html" />
      <file href="lms/browsersniff.js" />
      <file href="lms/Configuration.js" />
      <file href="lms/goodbye.html" />
      <file href="lms/lms.js" />
      <file href="lms/LMSAPI.js" />
      <file href="lms/NONEFunctions.js" />
      <file href="lms/SCORM2004Functions.js" />
      <file href="lms/SCORMFunctions.js" />
      <file href="lms/UtilityFunctions.js" />
    </resource>
  </resources>
</manifest>